Id,Nome,Salario
1,"Livvy Vink",757.59
2,"Goddard Soutar",726.15
3,"Durand Bellanger",836.47
4,"Abbot Grafton",955.72
5,"Carmella Alen",792.27
6,"Lotte Fromont",659.76
7,"Saul Rown",702.25
8,"Lyndsie Lightbody",822.25
9,"Wernher Wallbridge",652.53
10,"Caressa Banbrigge",876.80
11,"Beau Klemz",718.53
12,"Emmalee Littrick",679.75
13,"Madalyn Ranfield",708.96
14,"Giorgio Daviddi",934.04
15,"Aubrette Dowse",979.89
16,"Phebe Galpin",897.19
17,"Danni Bains",959.10
18,"Bernard Jachtym",897.07
19,"Willard Enrigo",935.03
20,"Derk Reggler",992.73
21,"Stinky Polleye",816.32
22,"Darin Wolpert",802.12
23,"Phylis Gourlay",679.82
24,"Tedra Grichukhanov",752.29
25,"Coop Tyson",857.23
26,"Giovanni Sutter",712.06
27,"Gratia Lapsley",809.36
28,"Kerry Easterbrook",798.57
29,"Alisun Colloby",859.30
30,"Lila Smithies",899.93
31,"Ransell Lagde",801.26
32,"Myranda Pettman",765.36
33,"Amerigo Adrien",998.07
34,"Frazier Wheelan",727.02
35,"Rubia Hablot",865.20
36,"Crissy Joskowitz",769.16
37,"Star Ellerington",810.14
38,"Keane Orehead",789.96
39,"Noel Brotheridge",764.56
40,"Christoffer Rentelll",831.58
